comentario,balcon
El departamento cuenta con un hermoso balcón ideal para relajarse.,1
El departamento cuenta con un espacio exterior ideal para relajarse.,1
El departamento cuenta con un espacio exterior ideal para relajarse.,1
El departamento cuenta con un terraza privada ideal para relajarse.,1
El departamento cuenta con un espacio exterior ideal para relajarse.,1
El departamento cuenta con un espacio exterior ideal para relajarse.,1
El departamento cuenta con un terraza privada ideal para relajarse.,1
El departamento cuenta con un hermoso balcón ideal para relajarse.,1
El departamento cuenta con un amplio balcón ideal para relajarse.,1
El departamento cuenta con un espacio exterior ideal para relajarse.,1
El departamento cuenta con un espacio exterior ideal para relajarse.,1
El departamento cuenta con un hermoso balcón ideal para relajarse.,1
El departamento cuenta con un amplio balcón ideal para relajarse.,1
El departamento cuenta con un hermoso balcón ideal para relajarse.,1
El departamento cuenta con un amplio balcón ideal para relajarse.,1
El departamento cuenta con un hermoso balcón ideal para relajarse.,1
El departamento cuenta con un amplio balcón ideal para relajarse.,1
El departamento cuenta con un hermoso balcón ideal para relajarse.,1
El departamento cuenta con un espacio exterior ideal para relajarse.,1
El departamento cuenta con un terraza privada ideal para relajarse.,1
El departamento cuenta con un hermoso balcón ideal para relajarse.,1
El departamento cuenta con un terraza privada ideal para relajarse.,1
El departamento cuenta con un hermoso balcón ideal para relajarse.,1
El departamento cuenta con un amplio balcón ideal para relajarse.,1
El departamento cuenta con un amplio balcón ideal para relajarse.,1
El departamento cuenta con un amplio balcón ideal para relajarse.,1
El departamento cuenta con un espacio exterior ideal para relajarse.,1
El departamento cuenta con un hermoso balcón ideal para relajarse.,1
El departamento cuenta con un amplio balcón ideal para relajarse.,1
El departamento cuenta con un espacio exterior ideal para relajarse.,1
El departamento cuenta con un terraza privada ideal para relajarse.,1
El departamento cuenta con un hermoso balcón ideal para relajarse.,1
El departamento cuenta con un hermoso balcón ideal para relajarse.,1
El departamento cuenta con un terraza privada ideal para relajarse.,1
El departamento cuenta con un terraza privada ideal para relajarse.,1
El departamento cuenta con un hermoso balcón ideal para relajarse.,1
El departamento cuenta con un hermoso balcón ideal para relajarse.,1
El departamento cuenta con un hermoso balcón ideal para relajarse.,1
El departamento cuenta con un terraza privada ideal para relajarse.,1
El departamento cuenta con un terraza privada ideal para relajarse.,1
El departamento cuenta con un hermoso balcón ideal para relajarse.,1
El departamento cuenta con un amplio balcón ideal para relajarse.,1
El departamento cuenta con un amplio balcón ideal para relajarse.,1
El departamento cuenta con un espacio exterior ideal para relajarse.,1
El departamento cuenta con un hermoso balcón ideal para relajarse.,1
El departamento cuenta con un amplio balcón ideal para relajarse.,1
El departamento cuenta con un terraza privada ideal para relajarse.,1
El departamento cuenta con un amplio balcón ideal para relajarse.,1
El departamento cuenta con un hermoso balcón ideal para relajarse.,1
El departamento cuenta con un hermoso balcón ideal para relajarse.,1
El departamento cuenta con un amplio balcón ideal para relajarse.,1
El departamento cuenta con un terraza privada ideal para relajarse.,1
El departamento cuenta con un amplio balcón ideal para relajarse.,1
El departamento cuenta con un amplio balcón ideal para relajarse.,1
El departamento cuenta con un hermoso balcón ideal para relajarse.,1
El departamento cuenta con un hermoso balcón ideal para relajarse.,1
El departamento cuenta con un terraza privada ideal para relajarse.,1
El departamento cuenta con un hermoso balcón ideal para relajarse.,1
El departamento cuenta con un hermoso balcón ideal para relajarse.,1
El departamento cuenta con un espacio exterior ideal para relajarse.,1
El departamento cuenta con un hermoso balcón ideal para relajarse.,1
El departamento cuenta con un hermoso balcón ideal para relajarse.,1
El departamento cuenta con un hermoso balcón ideal para relajarse.,1
El departamento cuenta con un hermoso balcón ideal para relajarse.,1
El departamento cuenta con un hermoso balcón ideal para relajarse.,1
El departamento cuenta con un terraza privada ideal para relajarse.,1
El departamento cuenta con un amplio balcón ideal para relajarse.,1
El departamento cuenta con un hermoso balcón ideal para relajarse.,1
El departamento cuenta con un terraza privada ideal para relajarse.,1
El departamento cuenta con un amplio balcón ideal para relajarse.,1
El departamento cuenta con un hermoso balcón ideal para relajarse.,1
El departamento cuenta con un hermoso balcón ideal para relajarse.,1
El departamento cuenta con un espacio exterior ideal para relajarse.,1
El departamento cuenta con un espacio exterior ideal para relajarse.,1
El departamento cuenta con un espacio exterior ideal para relajarse.,1
El departamento cuenta con un terraza privada ideal para relajarse.,1
El departamento cuenta con un terraza privada ideal para relajarse.,1
El departamento cuenta con un hermoso balcón ideal para relajarse.,1
El departamento cuenta con un espacio exterior ideal para relajarse.,1
El departamento cuenta con un terraza privada ideal para relajarse.,1
El departamento cuenta con un hermoso balcón ideal para relajarse.,1
El departamento cuenta con un hermoso balcón ideal para relajarse.,1
El departamento cuenta con un hermoso balcón ideal para relajarse.,1
El departamento cuenta con un hermoso balcón ideal para relajarse.,1
El departamento cuenta con un amplio balcón ideal para relajarse.,1
El departamento cuenta con un terraza privada ideal para relajarse.,1
El departamento cuenta con un hermoso balcón ideal para relajarse.,1
El departamento cuenta con un amplio balcón ideal para relajarse.,1
El departamento cuenta con un amplio balcón ideal para relajarse.,1
El departamento cuenta con un hermoso balcón ideal para relajarse.,1
El departamento cuenta con un terraza privada ideal para relajarse.,1
El departamento cuenta con un espacio exterior ideal para relajarse.,1
El departamento cuenta con un amplio balcón ideal para relajarse.,1
El departamento cuenta con un terraza privada ideal para relajarse.,1
El departamento cuenta con un terraza privada ideal para relajarse.,1
El departamento cuenta con un terraza privada ideal para relajarse.,1
El departamento cuenta con un espacio exterior ideal para relajarse.,1
El departamento cuenta con un espacio exterior ideal para relajarse.,1
El departamento cuenta con un terraza privada ideal para relajarse.,1
El departamento cuenta con un terraza privada ideal para relajarse.,1
El departamento cuenta con un terraza privada ideal para relajarse.,1
El departamento cuenta con un amplio balcón ideal para relajarse.,1
El departamento cuenta con un terraza privada ideal para relajarse.,1
El departamento cuenta con un espacio exterior ideal para relajarse.,1
El departamento cuenta con un hermoso balcón ideal para relajarse.,1
El departamento cuenta con un terraza privada ideal para relajarse.,1
El departamento cuenta con un hermoso balcón ideal para relajarse.,1
El departamento cuenta con un hermoso balcón ideal para relajarse.,1
El departamento cuenta con un terraza privada ideal para relajarse.,1
El departamento cuenta con un espacio exterior ideal para relajarse.,1
El departamento cuenta con un terraza privada ideal para relajarse.,1
El departamento cuenta con un hermoso balcón ideal para relajarse.,1
El departamento cuenta con un espacio exterior ideal para relajarse.,1
El departamento cuenta con un hermoso balcón ideal para relajarse.,1
El departamento cuenta con un hermoso balcón ideal para relajarse.,1
El departamento cuenta con un espacio exterior ideal para relajarse.,1
El departamento cuenta con un amplio balcón ideal para relajarse.,1
El departamento cuenta con un amplio balcón ideal para relajarse.,1
El departamento cuenta con un espacio exterior ideal para relajarse.,1
El departamento cuenta con un amplio balcón ideal para relajarse.,1
El departamento cuenta con un amplio balcón ideal para relajarse.,1
El departamento cuenta con un espacio exterior ideal para relajarse.,1
El departamento cuenta con un espacio exterior ideal para relajarse.,1
El departamento cuenta con un amplio balcón ideal para relajarse.,1
El departamento cuenta con un amplio balcón ideal para relajarse.,1
Este hogar incluye un balcón perfecto para plantas.,1
Este hogar incluye un balcón espacioso.,1
Este hogar incluye una terraza con vistas panorámicas.,1
Este hogar incluye un balcón espacioso.,1
Este hogar incluye una terraza con vistas panorámicas.,1
Este hogar incluye un balcón espacioso.,1
Este hogar incluye una terraza con vistas panorámicas.,1
Este hogar incluye una terraza con vistas panorámicas.,1
Este hogar incluye un balcón perfecto para plantas.,1
Este hogar incluye un balcón espacioso.,1
Este hogar incluye un espacio al aire libre integrado.,1
Este hogar incluye un balcón perfecto para plantas.,1
Este hogar incluye un espacio al aire libre integrado.,1
Este hogar incluye un balcón perfecto para plantas.,1
Este hogar incluye un balcón perfecto para plantas.,1
Este hogar incluye una terraza con vistas panorámicas.,1
Este hogar incluye un espacio al aire libre integrado.,1
Este hogar incluye una terraza con vistas panorámicas.,1
Este hogar incluye un espacio al aire libre integrado.,1
Este hogar incluye un balcón espacioso.,1
Este hogar incluye un balcón espacioso.,1
Este hogar incluye un balcón perfecto para plantas.,1
Este hogar incluye un espacio al aire libre integrado.,1
Este hogar incluye un balcón perfecto para plantas.,1
Este hogar incluye una terraza con vistas panorámicas.,1
Este hogar incluye un espacio al aire libre integrado.,1
Este hogar incluye un balcón perfecto para plantas.,1
Este hogar incluye un balcón espacioso.,1
Este hogar incluye una terraza con vistas panorámicas.,1
Este hogar incluye un espacio al aire libre integrado.,1
Este hogar incluye un espacio al aire libre integrado.,1
Este hogar incluye un espacio al aire libre integrado.,1
Este hogar incluye un espacio al aire libre integrado.,1
Este hogar incluye un espacio al aire libre integrado.,1
Este hogar incluye un balcón perfecto para plantas.,1
Este hogar incluye un balcón espacioso.,1
Este hogar incluye un espacio al aire libre integrado.,1
Este hogar incluye un balcón espacioso.,1
Este hogar incluye una terraza con vistas panorámicas.,1
Este hogar incluye un balcón perfecto para plantas.,1
Este hogar incluye un espacio al aire libre integrado.,1
Este hogar incluye un espacio al aire libre integrado.,1
Este hogar incluye un balcón espacioso.,1
Este hogar incluye una terraza con vistas panorámicas.,1
Este hogar incluye un espacio al aire libre integrado.,1
Este hogar incluye un balcón espacioso.,1
Este hogar incluye una terraza con vistas panorámicas.,1
Este hogar incluye una terraza con vistas panorámicas.,1
Este hogar incluye un balcón espacioso.,1
Este hogar incluye una terraza con vistas panorámicas.,1
Este hogar incluye un espacio al aire libre integrado.,1
Este hogar incluye un balcón espacioso.,1
Este hogar incluye un balcón perfecto para plantas.,1
Este hogar incluye una terraza con vistas panorámicas.,1
Este hogar incluye un espacio al aire libre integrado.,1
Este hogar incluye un espacio al aire libre integrado.,1
Este hogar incluye un espacio al aire libre integrado.,1
Este hogar incluye un espacio al aire libre integrado.,1
Este hogar incluye un balcón espacioso.,1
Este hogar incluye un balcón perfecto para plantas.,1
Este hogar incluye un balcón perfecto para plantas.,1
Este hogar incluye un balcón espacioso.,1
Este hogar incluye un balcón perfecto para plantas.,1
Este hogar incluye una terraza con vistas panorámicas.,1
Este hogar incluye una terraza con vistas panorámicas.,1
Este hogar incluye una terraza con vistas panorámicas.,1
Este hogar incluye un espacio al aire libre integrado.,1
Este hogar incluye un balcón perfecto para plantas.,1
Este hogar incluye un espacio al aire libre integrado.,1
Este hogar incluye un espacio al aire libre integrado.,1
Este hogar incluye un balcón espacioso.,1
Este hogar incluye un espacio al aire libre integrado.,1
Este hogar incluye una terraza con vistas panorámicas.,1
Este hogar incluye una terraza con vistas panorámicas.,1
Este hogar incluye un balcón espacioso.,1
Este hogar incluye una terraza con vistas panorámicas.,1
Este hogar incluye una terraza con vistas panorámicas.,1
Este hogar incluye un balcón espacioso.,1
Este hogar incluye un balcón perfecto para plantas.,1
Este hogar incluye un balcón espacioso.,1
Este hogar incluye un espacio al aire libre integrado.,1
Este hogar incluye un balcón perfecto para plantas.,1
Este hogar incluye un balcón perfecto para plantas.,1
Este hogar incluye un espacio al aire libre integrado.,1
Este hogar incluye un espacio al aire libre integrado.,1
Este hogar incluye un balcón espacioso.,1
Este hogar incluye una terraza con vistas panorámicas.,1
Este hogar incluye una terraza con vistas panorámicas.,1
Este hogar incluye un espacio al aire libre integrado.,1
Este hogar incluye un espacio al aire libre integrado.,1
Este hogar incluye un balcón espacioso.,1
Este hogar incluye un espacio al aire libre integrado.,1
Este hogar incluye un espacio al aire libre integrado.,1
Este hogar incluye un balcón espacioso.,1
Este hogar incluye un espacio al aire libre integrado.,1
Este hogar incluye un espacio al aire libre integrado.,1
Este hogar incluye un espacio al aire libre integrado.,1
Este hogar incluye una terraza con vistas panorámicas.,1
Este hogar incluye un espacio al aire libre integrado.,1
Este hogar incluye un balcón perfecto para plantas.,1
Este hogar incluye un espacio al aire libre integrado.,1
Este hogar incluye un espacio al aire libre integrado.,1
Este hogar incluye un balcón perfecto para plantas.,1
Este hogar incluye un balcón espacioso.,1
Este hogar incluye un balcón espacioso.,1
Este hogar incluye un balcón perfecto para plantas.,1
Este hogar incluye un balcón perfecto para plantas.,1
Este hogar incluye un balcón espacioso.,1
Este hogar incluye un balcón espacioso.,1
Este hogar incluye un balcón espacioso.,1
Este hogar incluye una terraza con vistas panorámicas.,1
Este hogar incluye un balcón espacioso.,1
Este hogar incluye un balcón perfecto para plantas.,1
Este hogar incluye un espacio al aire libre integrado.,1
Este hogar incluye una terraza con vistas panorámicas.,1
Este hogar incluye un espacio al aire libre integrado.,1
Este hogar incluye un balcón espacioso.,1
Este hogar incluye una terraza con vistas panorámicas.,1
Este hogar incluye una terraza con vistas panorámicas.,1
Este hogar incluye un balcón perfecto para plantas.,1
Este hogar incluye un balcón espacioso.,1
Este hogar incluye una terraza con vistas panorámicas.,1
Este hogar incluye un balcón perfecto para plantas.,1
Este hogar incluye un balcón espacioso.,1
Este hogar incluye un balcón perfecto para plantas.,1
"Este departamento no tiene balcón, pero es muy acogedor.",0
"Este departamento no tiene espacios exteriores, pero es muy acogedor.",0
"Este departamento no tiene espacios exteriores, pero es muy acogedor.",0
"Este departamento no tiene balcón, pero es muy acogedor.",0
"Este departamento no tiene terraza, pero es muy acogedor.",0
"Este departamento no tiene espacios exteriores, pero es muy acogedor.",0
"Este departamento no tiene espacios exteriores, pero es muy acogedor.",0
"Este departamento no tiene balcón, pero es muy acogedor.",0
"Este departamento no tiene espacios exteriores, pero es muy acogedor.",0
"Este departamento no tiene espacios exteriores, pero es muy acogedor.",0
"Este departamento no tiene área exterior, pero es muy acogedor.",0
"Este departamento no tiene espacios exteriores, pero es muy acogedor.",0
"Este departamento no tiene balcón, pero es muy acogedor.",0
"Este departamento no tiene balcón, pero es muy acogedor.",0
"Este departamento no tiene terraza, pero es muy acogedor.",0
"Este departamento no tiene balcón, pero es muy acogedor.",0
"Este departamento no tiene terraza, pero es muy acogedor.",0
"Este departamento no tiene espacios exteriores, pero es muy acogedor.",0
"Este departamento no tiene terraza, pero es muy acogedor.",0
"Este departamento no tiene terraza, pero es muy acogedor.",0
"Este departamento no tiene balcón, pero es muy acogedor.",0
"Este departamento no tiene espacios exteriores, pero es muy acogedor.",0
"Este departamento no tiene terraza, pero es muy acogedor.",0
"Este departamento no tiene terraza, pero es muy acogedor.",0
"Este departamento no tiene terraza, pero es muy acogedor.",0
"Este departamento no tiene área exterior, pero es muy acogedor.",0
"Este departamento no tiene balcón, pero es muy acogedor.",0
"Este departamento no tiene espacios exteriores, pero es muy acogedor.",0
"Este departamento no tiene espacios exteriores, pero es muy acogedor.",0
"Este departamento no tiene espacios exteriores, pero es muy acogedor.",0
"Este departamento no tiene área exterior, pero es muy acogedor.",0
"Este departamento no tiene terraza, pero es muy acogedor.",0
"Este departamento no tiene área exterior, pero es muy acogedor.",0
"Este departamento no tiene área exterior, pero es muy acogedor.",0
"Este departamento no tiene balcón, pero es muy acogedor.",0
"Este departamento no tiene terraza, pero es muy acogedor.",0
"Este departamento no tiene balcón, pero es muy acogedor.",0
"Este departamento no tiene terraza, pero es muy acogedor.",0
"Este departamento no tiene balcón, pero es muy acogedor.",0
"Este departamento no tiene espacios exteriores, pero es muy acogedor.",0
"Este departamento no tiene espacios exteriores, pero es muy acogedor.",0
"Este departamento no tiene espacios exteriores, pero es muy acogedor.",0
"Este departamento no tiene espacios exteriores, pero es muy acogedor.",0
"Este departamento no tiene terraza, pero es muy acogedor.",0
"Este departamento no tiene espacios exteriores, pero es muy acogedor.",0
"Este departamento no tiene balcón, pero es muy acogedor.",0
"Este departamento no tiene espacios exteriores, pero es muy acogedor.",0
"Este departamento no tiene espacios exteriores, pero es muy acogedor.",0
"Este departamento no tiene balcón, pero es muy acogedor.",0
"Este departamento no tiene espacios exteriores, pero es muy acogedor.",0
"Este departamento no tiene terraza, pero es muy acogedor.",0
"Este departamento no tiene balcón, pero es muy acogedor.",0
"Este departamento no tiene área exterior, pero es muy acogedor.",0
"Este departamento no tiene balcón, pero es muy acogedor.",0
"Este departamento no tiene balcón, pero es muy acogedor.",0
"Este departamento no tiene balcón, pero es muy acogedor.",0
"Este departamento no tiene área exterior, pero es muy acogedor.",0
"Este departamento no tiene terraza, pero es muy acogedor.",0
"Este departamento no tiene balcón, pero es muy acogedor.",0
"Este departamento no tiene espacios exteriores, pero es muy acogedor.",0
"Este departamento no tiene balcón, pero es muy acogedor.",0
"Este departamento no tiene área exterior, pero es muy acogedor.",0
"Este departamento no tiene espacios exteriores, pero es muy acogedor.",0
"Este departamento no tiene espacios exteriores, pero es muy acogedor.",0
"Este departamento no tiene balcón, pero es muy acogedor.",0
"Este departamento no tiene área exterior, pero es muy acogedor.",0
"Este departamento no tiene área exterior, pero es muy acogedor.",0
"Este departamento no tiene espacios exteriores, pero es muy acogedor.",0
"Este departamento no tiene área exterior, pero es muy acogedor.",0
"Este departamento no tiene balcón, pero es muy acogedor.",0
"Este departamento no tiene área exterior, pero es muy acogedor.",0
"Este departamento no tiene terraza, pero es muy acogedor.",0
"Este departamento no tiene espacios exteriores, pero es muy acogedor.",0
"Este departamento no tiene área exterior, pero es muy acogedor.",0
"Este departamento no tiene balcón, pero es muy acogedor.",0
"Este departamento no tiene balcón, pero es muy acogedor.",0
"Este departamento no tiene espacios exteriores, pero es muy acogedor.",0
"Este departamento no tiene balcón, pero es muy acogedor.",0
"Este departamento no tiene balcón, pero es muy acogedor.",0
"Este departamento no tiene área exterior, pero es muy acogedor.",0
"Este departamento no tiene espacios exteriores, pero es muy acogedor.",0
"Este departamento no tiene área exterior, pero es muy acogedor.",0
"Este departamento no tiene espacios exteriores, pero es muy acogedor.",0
"Este departamento no tiene terraza, pero es muy acogedor.",0
"Este departamento no tiene terraza, pero es muy acogedor.",0
"Este departamento no tiene espacios exteriores, pero es muy acogedor.",0
"Este departamento no tiene espacios exteriores, pero es muy acogedor.",0
"Este departamento no tiene terraza, pero es muy acogedor.",0
"Este departamento no tiene espacios exteriores, pero es muy acogedor.",0
"Este departamento no tiene espacios exteriores, pero es muy acogedor.",0
"Este departamento no tiene terraza, pero es muy acogedor.",0
"Este departamento no tiene balcón, pero es muy acogedor.",0
"Este departamento no tiene área exterior, pero es muy acogedor.",0
"Este departamento no tiene terraza, pero es muy acogedor.",0
"Este departamento no tiene terraza, pero es muy acogedor.",0
"Este departamento no tiene espacios exteriores, pero es muy acogedor.",0
"Este departamento no tiene área exterior, pero es muy acogedor.",0
"Este departamento no tiene área exterior, pero es muy acogedor.",0
"Este departamento no tiene balcón, pero es muy acogedor.",0
"Este departamento no tiene espacios exteriores, pero es muy acogedor.",0
"Este departamento no tiene área exterior, pero es muy acogedor.",0
"Este departamento no tiene área exterior, pero es muy acogedor.",0
"Este departamento no tiene espacios exteriores, pero es muy acogedor.",0
"Este departamento no tiene balcón, pero es muy acogedor.",0
"Este departamento no tiene espacios exteriores, pero es muy acogedor.",0
"Este departamento no tiene espacios exteriores, pero es muy acogedor.",0
"Este departamento no tiene terraza, pero es muy acogedor.",0
"Este departamento no tiene balcón, pero es muy acogedor.",0
"Este departamento no tiene área exterior, pero es muy acogedor.",0
"Este departamento no tiene terraza, pero es muy acogedor.",0
"Este departamento no tiene terraza, pero es muy acogedor.",0
"Este departamento no tiene balcón, pero es muy acogedor.",0
"Este departamento no tiene balcón, pero es muy acogedor.",0
"Este departamento no tiene terraza, pero es muy acogedor.",0
"Este departamento no tiene espacios exteriores, pero es muy acogedor.",0
"Este departamento no tiene espacios exteriores, pero es muy acogedor.",0
"Este departamento no tiene balcón, pero es muy acogedor.",0
"Este departamento no tiene espacios exteriores, pero es muy acogedor.",0
"Este departamento no tiene espacios exteriores, pero es muy acogedor.",0
"Este departamento no tiene área exterior, pero es muy acogedor.",0
"Este departamento no tiene terraza, pero es muy acogedor.",0
"Este departamento no tiene área exterior, pero es muy acogedor.",0
"Este departamento no tiene terraza, pero es muy acogedor.",0
"Este departamento no tiene balcón, pero es muy acogedor.",0
"Este departamento no tiene área exterior, pero es muy acogedor.",0
"No dispone de terraza exterior, pero tiene excelente iluminación natural.",0
"No dispone de un balcón, pero tiene excelente iluminación natural.",0
"No dispone de área abierta, pero tiene excelente iluminación natural.",0
"No dispone de un balcón, pero tiene excelente iluminación natural.",0
"No dispone de área abierta, pero tiene excelente iluminación natural.",0
"No dispone de terraza exterior, pero tiene excelente iluminación natural.",0
"No dispone de un espacio al aire libre, pero tiene excelente iluminación natural.",0
"No dispone de un espacio al aire libre, pero tiene excelente iluminación natural.",0
"No dispone de un espacio al aire libre, pero tiene excelente iluminación natural.",0
"No dispone de área abierta, pero tiene excelente iluminación natural.",0
"No dispone de área abierta, pero tiene excelente iluminación natural.",0
"No dispone de área abierta, pero tiene excelente iluminación natural.",0
"No dispone de un espacio al aire libre, pero tiene excelente iluminación natural.",0
"No dispone de un balcón, pero tiene excelente iluminación natural.",0
"No dispone de un balcón, pero tiene excelente iluminación natural.",0
"No dispone de un espacio al aire libre, pero tiene excelente iluminación natural.",0
"No dispone de un espacio al aire libre, pero tiene excelente iluminación natural.",0
"No dispone de un balcón, pero tiene excelente iluminación natural.",0
"No dispone de un balcón, pero tiene excelente iluminación natural.",0
"No dispone de área abierta, pero tiene excelente iluminación natural.",0
"No dispone de un balcón, pero tiene excelente iluminación natural.",0
"No dispone de área abierta, pero tiene excelente iluminación natural.",0
"No dispone de un espacio al aire libre, pero tiene excelente iluminación natural.",0
"No dispone de un balcón, pero tiene excelente iluminación natural.",0
"No dispone de un espacio al aire libre, pero tiene excelente iluminación natural.",0
"No dispone de terraza exterior, pero tiene excelente iluminación natural.",0
"No dispone de un espacio al aire libre, pero tiene excelente iluminación natural.",0
"No dispone de área abierta, pero tiene excelente iluminación natural.",0
"No dispone de un balcón, pero tiene excelente iluminación natural.",0
"No dispone de un espacio al aire libre, pero tiene excelente iluminación natural.",0
"No dispone de un balcón, pero tiene excelente iluminación natural.",0
"No dispone de terraza exterior, pero tiene excelente iluminación natural.",0
"No dispone de un balcón, pero tiene excelente iluminación natural.",0
"No dispone de un espacio al aire libre, pero tiene excelente iluminación natural.",0
"No dispone de un espacio al aire libre, pero tiene excelente iluminación natural.",0
"No dispone de un balcón, pero tiene excelente iluminación natural.",0
"No dispone de un espacio al aire libre, pero tiene excelente iluminación natural.",0
"No dispone de área abierta, pero tiene excelente iluminación natural.",0
"No dispone de área abierta, pero tiene excelente iluminación natural.",0
"No dispone de área abierta, pero tiene excelente iluminación natural.",0
"No dispone de área abierta, pero tiene excelente iluminación natural.",0
"No dispone de área abierta, pero tiene excelente iluminación natural.",0
"No dispone de terraza exterior, pero tiene excelente iluminación natural.",0
"No dispone de terraza exterior, pero tiene excelente iluminación natural.",0
"No dispone de área abierta, pero tiene excelente iluminación natural.",0
"No dispone de un espacio al aire libre, pero tiene excelente iluminación natural.",0
"No dispone de un balcón, pero tiene excelente iluminación natural.",0
"No dispone de un espacio al aire libre, pero tiene excelente iluminación natural.",0
"No dispone de un espacio al aire libre, pero tiene excelente iluminación natural.",0
"No dispone de un espacio al aire libre, pero tiene excelente iluminación natural.",0
"No dispone de área abierta, pero tiene excelente iluminación natural.",0
"No dispone de un espacio al aire libre, pero tiene excelente iluminación natural.",0
"No dispone de terraza exterior, pero tiene excelente iluminación natural.",0
"No dispone de un espacio al aire libre, pero tiene excelente iluminación natural.",0
"No dispone de terraza exterior, pero tiene excelente iluminación natural.",0
"No dispone de terraza exterior, pero tiene excelente iluminación natural.",0
"No dispone de un espacio al aire libre, pero tiene excelente iluminación natural.",0
"No dispone de un espacio al aire libre, pero tiene excelente iluminación natural.",0
"No dispone de un balcón, pero tiene excelente iluminación natural.",0
"No dispone de área abierta, pero tiene excelente iluminación natural.",0
"No dispone de un balcón, pero tiene excelente iluminación natural.",0
"No dispone de un espacio al aire libre, pero tiene excelente iluminación natural.",0
"No dispone de un balcón, pero tiene excelente iluminación natural.",0
"No dispone de un espacio al aire libre, pero tiene excelente iluminación natural.",0
"No dispone de área abierta, pero tiene excelente iluminación natural.",0
"No dispone de terraza exterior, pero tiene excelente iluminación natural.",0
"No dispone de terraza exterior, pero tiene excelente iluminación natural.",0
"No dispone de un espacio al aire libre, pero tiene excelente iluminación natural.",0
"No dispone de terraza exterior, pero tiene excelente iluminación natural.",0
"No dispone de terraza exterior, pero tiene excelente iluminación natural.",0
"No dispone de área abierta, pero tiene excelente iluminación natural.",0
"No dispone de área abierta, pero tiene excelente iluminación natural.",0
"No dispone de terraza exterior, pero tiene excelente iluminación natural.",0
"No dispone de terraza exterior, pero tiene excelente iluminación natural.",0
"No dispone de un espacio al aire libre, pero tiene excelente iluminación natural.",0
"No dispone de un balcón, pero tiene excelente iluminación natural.",0
"No dispone de un balcón, pero tiene excelente iluminación natural.",0
"No dispone de un balcón, pero tiene excelente iluminación natural.",0
"No dispone de un espacio al aire libre, pero tiene excelente iluminación natural.",0
"No dispone de un balcón, pero tiene excelente iluminación natural.",0
"No dispone de un espacio al aire libre, pero tiene excelente iluminación natural.",0
"No dispone de terraza exterior, pero tiene excelente iluminación natural.",0
"No dispone de un espacio al aire libre, pero tiene excelente iluminación natural.",0
"No dispone de área abierta, pero tiene excelente iluminación natural.",0
"No dispone de área abierta, pero tiene excelente iluminación natural.",0
"No dispone de un balcón, pero tiene excelente iluminación natural.",0
"No dispone de un espacio al aire libre, pero tiene excelente iluminación natural.",0
"No dispone de un espacio al aire libre, pero tiene excelente iluminación natural.",0
"No dispone de terraza exterior, pero tiene excelente iluminación natural.",0
"No dispone de un balcón, pero tiene excelente iluminación natural.",0
"No dispone de terraza exterior, pero tiene excelente iluminación natural.",0
"No dispone de área abierta, pero tiene excelente iluminación natural.",0
"No dispone de área abierta, pero tiene excelente iluminación natural.",0
"No dispone de un espacio al aire libre, pero tiene excelente iluminación natural.",0
"No dispone de un espacio al aire libre, pero tiene excelente iluminación natural.",0
"No dispone de un balcón, pero tiene excelente iluminación natural.",0
"No dispone de terraza exterior, pero tiene excelente iluminación natural.",0
"No dispone de terraza exterior, pero tiene excelente iluminación natural.",0
"No dispone de área abierta, pero tiene excelente iluminación natural.",0
"No dispone de un espacio al aire libre, pero tiene excelente iluminación natural.",0
"No dispone de área abierta, pero tiene excelente iluminación natural.",0
"No dispone de un espacio al aire libre, pero tiene excelente iluminación natural.",0
"No dispone de área abierta, pero tiene excelente iluminación natural.",0
"No dispone de terraza exterior, pero tiene excelente iluminación natural.",0
"No dispone de área abierta, pero tiene excelente iluminación natural.",0
"No dispone de un balcón, pero tiene excelente iluminación natural.",0
"No dispone de un balcón, pero tiene excelente iluminación natural.",0
"No dispone de área abierta, pero tiene excelente iluminación natural.",0
"No dispone de terraza exterior, pero tiene excelente iluminación natural.",0
"No dispone de área abierta, pero tiene excelente iluminación natural.",0
"No dispone de terraza exterior, pero tiene excelente iluminación natural.",0
"No dispone de área abierta, pero tiene excelente iluminación natural.",0
"No dispone de un espacio al aire libre, pero tiene excelente iluminación natural.",0
"No dispone de área abierta, pero tiene excelente iluminación natural.",0
"No dispone de un espacio al aire libre, pero tiene excelente iluminación natural.",0
"No dispone de terraza exterior, pero tiene excelente iluminación natural.",0
"No dispone de un espacio al aire libre, pero tiene excelente iluminación natural.",0
"No dispone de un balcón, pero tiene excelente iluminación natural.",0
"No dispone de un espacio al aire libre, pero tiene excelente iluminación natural.",0
"No dispone de área abierta, pero tiene excelente iluminación natural.",0
"No dispone de un balcón, pero tiene excelente iluminación natural.",0
"No dispone de terraza exterior, pero tiene excelente iluminación natural.",0
"No dispone de terraza exterior, pero tiene excelente iluminación natural.",0
"No dispone de un balcón, pero tiene excelente iluminación natural.",0
"No dispone de terraza exterior, pero tiene excelente iluminación natural.",0
